first_name,last_name,birthday
Desirae,Fry,1975-12-13 00:00:00
Jon,Reese,2018-05-30 00:00:00
Ivor,Cooper,1967-04-01 00:00:00
Mary,Palmer,1984-10-20 00:00:00
Cole,Bloom,1999-06-20 00:00:00
Shannon,Little,1978-02-21 00:00:00
Abdul,Reese,2007-01-09 00:00:00
Shannon,Pierce,1982-09-11 00:00:00
Abdul,Fry,1978-12-02 00:00:00
Leo,Colon,1960-08-18 00:00:00
Leo,Colon,1978-12-28 00:00:00
Lane,Little,1988-11-14 00:00:00
Ivor,Smith,1988-07-18 00:00:00
Lane,Little,1989-05-12 00:00:00
Ivor,Reese,1990-02-17 00:00:00
Jon,Colon,2001-06-11 00:00:00
Desirae,Bloom,1963-02-27 00:00:00
Leo,Fry,2002-10-20 00:00:00
Jon,Smith,1982-09-02 00:00:00
Leo,Little,1995-09-30 00:00:00
Alex,Fry,2006-02-05 00:00:00
Mary,Palmer,1985-12-31 00:00:00
Roary,Fry,1993-06-20 00:00:00
Ivor,Fry,1984-01-21 00:00:00
Desirae,Smith,1997-05-03 00:00:00
Ivor,Pierce,1995-10-30 00:00:00
Lane,Cooper,1974-11-12 00:00:00
Ivor,Smith,2009-11-05 00:00:00
Shannon,Colon,1989-08-07 00:00:00
Shannon,Pierce,1988-10-03 00:00:00
Ivor,Fry,1992-01-06 00:00:00
Leo,Pierce,1963-05-06 00:00:00
Roary,Colon,1998-02-16 00:00:00
Lane,Little,1989-11-10 00:00:00
Ivor,Cooper,1976-11-09 00:00:00
Lane,Smith,1972-07-26 00:00:00
Ivor,Bloom,2000-01-18 00:00:00
Shannon,Little,2019-04-27 00:00:00
Roary,Bloom,2019-07-04 00:00:00
Jon,Reese,2016-07-19 00:00:00
Leo,Palmer,1982-07-20 00:00:00
Mary,Smith,2016-08-04 00:00:00
Ivor,Little,1980-12-24 00:00:00
Shannon,Bloom,2004-01-30 00:00:00
Cole,Palmer,2001-01-04 00:00:00
Alex,Colon,2010-05-08 00:00:00
Leo,Bloom,1968-05-08 00:00:00
Desirae,Gibson,2011-04-13 00:00:00
Lane,Reese,2016-02-07 00:00:00
Desirae,Little,2004-01-21 00:00:00
Shannon,Fry,1967-05-05 00:00:00
Shannon,Cooper,2003-06-15 00:00:00
Ivor,Little,1979-02-09 00:00:00
Leo,Fry,1989-07-11 00:00:00
Alex,Cooper,1976-05-30 00:00:00
Jon,Fry,1969-08-01 00:00:00
Abdul,Gibson,2015-09-13 00:00:00
Desirae,Palmer,1961-03-27 00:00:00
Jon,Smith,2016-05-01 00:00:00
Cole,Cooper,1983-10-21 00:00:00
Shannon,Bloom,1999-09-30 00:00:00
Shannon,Little,2017-01-24 00:00:00
Mary,Little,1998-06-02 00:00:00
Cole,Pierce,2008-02-21 00:00:00
Cole,Colon,1961-08-31 00:00:00
Leo,Bloom,1965-06-17 00:00:00
Cole,Fry,2004-12-07 00:00:00
Cole,Palmer,1979-06-12 00:00:00
Desirae,Pierce,2010-01-12 00:00:00
Mary,Bloom,1978-01-22 00:00:00
Ivor,Colon,2001-03-02 00:00:00
Lane,Smith,1966-09-03 00:00:00
Leo,Gibson,1966-07-14 00:00:00
Mary,Fry,1968-04-15 00:00:00
Cole,Pierce,1971-06-24 00:00:00
Roary,Pierce,2012-06-27 00:00:00
Shannon,Smith,2005-06-29 00:00:00
Shannon,Colon,2008-10-05 00:00:00
Abdul,Reese,1965-05-17 00:00:00
Mary,Palmer,1966-07-29 00:00:00
Mary,Colon,1963-09-20 00:00:00
Lane,Fry,2011-09-13 00:00:00
Lane,Bloom,1963-05-08 00:00:00
Leo,Colon,1974-06-23 00:00:00
Desirae,Reese,1988-02-06 00:00:00
Alex,Palmer,2015-01-29 00:00:00
Roary,Gibson,1978-05-07 00:00:00
Ivor,Pierce,1978-11-08 00:00:00
Roary,Colon,1975-02-25 00:00:00
Lane,Gibson,2004-02-03 00:00:00
Alex,Fry,2019-11-28 00:00:00
Desirae,Pierce,1964-02-29 00:00:00
Jon,Pierce,1962-03-10 00:00:00
Mary,Smith,1996-10-27 00:00:00
Roary,Cooper,2004-04-16 00:00:00
Ivor,Cooper,1982-03-01 00:00:00
Mary,Gibson,1970-07-15 00:00:00
Leo,Little,1980-10-28 00:00:00
Alex,Cooper,1985-12-18 00:00:00
Alex,Cooper,1985-10-27 00:00:00
Mary,Colon,1979-03-04 00:00:00
Cole,Little,1977-07-09 00:00:00
Mary,Pierce,1991-06-26 00:00:00
Jon,Bloom,2007-03-17 00:00:00
Leo,Pierce,1967-03-12 00:00:00
Cole,Cooper,1965-09-16 00:00:00
Lane,Gibson,1966-05-07 00:00:00
Cole,Bloom,1992-05-28 00:00:00
Lane,Reese,2016-06-07 00:00:00
Alex,Fry,1966-05-28 00:00:00
Lane,Cooper,2006-05-16 00:00:00
Cole,Little,1977-07-29 00:00:00
Desirae,Gibson,1969-01-11 00:00:00
Mary,Palmer,2005-03-08 00:00:00
Abdul,Pierce,1972-05-08 00:00:00
Leo,Smith,1961-09-03 00:00:00
Mary,Gibson,2015-10-06 00:00:00
Roary,Colon,2011-10-02 00:00:00
Desirae,Reese,1962-12-19 00:00:00
Mary,Pierce,1993-11-15 00:00:00
Roary,Bloom,1984-02-07 00:00:00
Shannon,Fry,1986-08-17 00:00:00
Roary,Gibson,1987-10-14 00:00:00
Roary,Gibson,1991-05-02 00:00:00
Cole,Colon,2009-06-04 00:00:00
Shannon,Bloom,1968-10-16 00:00:00
Cole,Fry,2005-01-09 00:00:00
Lane,Colon,1962-08-17 00:00:00
Desirae,Fry,1976-02-12 00:00:00
Abdul,Bloom,2012-04-09 00:00:00
Cole,Gibson,1979-03-29 00:00:00
Mary,Fry,1978-01-28 00:00:00
Cole,Pierce,2004-11-02 00:00:00
Alex,Pierce,1974-12-15 00:00:00
Abdul,Bloom,1987-10-11 00:00:00
Lane,Colon,1973-02-04 00:00:00
Roary,Reese,1971-03-04 00:00:00
Lane,Colon,1996-03-22 00:00:00
Mary,Bloom,1985-07-30 00:00:00
Alex,Palmer,1964-05-19 00:00:00
Desirae,Cooper,2010-05-25 00:00:00
Leo,Fry,1979-09-30 00:00:00
Mary,Fry,2005-10-02 00:00:00
Roary,Gibson,1990-08-01 00:00:00
Alex,Pierce,2014-08-27 00:00:00
Alex,Palmer,1980-04-06 00:00:00
Roary,Gibson,2008-06-16 00:00:00
Cole,Fry,2006-12-22 00:00:00
Roary,Smith,1971-08-22 00:00:00
Leo,Fry,1974-06-11 00:00:00
Alex,Pierce,2004-12-25 00:00:00
Alex,Cooper,1985-06-11 00:00:00
Mary,Fry,1987-09-28 00:00:00
Leo,Palmer,2003-04-13 00:00:00
Lane,Bloom,1981-09-15 00:00:00
Shannon,Little,1993-02-02 00:00:00
Mary,Bloom,2015-11-05 00:00:00
Cole,Gibson,1972-11-12 00:00:00
Lane,Bloom,1977-08-26 00:00:00
Roary,Reese,2003-11-08 00:00:00
Mary,Fry,1969-02-15 00:00:00
Lane,Cooper,2001-11-20 00:00:00
Abdul,Little,1988-02-18 00:00:00
Shannon,Cooper,2017-04-29 00:00:00
Lane,Smith,1973-07-17 00:00:00
Mary,Fry,1977-08-29 00:00:00
Lane,Palmer,1975-05-04 00:00:00
Cole,Colon,2016-08-01 00:00:00
Abdul,Gibson,1991-07-20 00:00:00
Ivor,Palmer,1991-12-13 00:00:00
Mary,Pierce,1976-08-11 00:00:00
Jon,Reese,1967-01-07 00:00:00
Alex,Cooper,2003-05-14 00:00:00
Jon,Fry,1978-07-16 00:00:00
Jon,Colon,2001-01-17 00:00:00
Jon,Cooper,1996-11-13 00:00:00
Desirae,Bloom,1960-10-05 00:00:00
Desirae,Fry,1988-09-15 00:00:00
Alex,Fry,1961-10-26 00:00:00
Mary,Little,1983-08-11 00:00:00
Mary,Bloom,1979-01-20 00:00:00
Cole,Smith,1991-09-11 00:00:00
Shannon,Reese,1984-11-18 00:00:00
Jon,Bloom,1990-09-05 00:00:00
Shannon,Palmer,1970-11-10 00:00:00
Jon,Gibson,1995-12-18 00:00:00
Shannon,Gibson,2002-02-09 00:00:00
Abdul,Fry,1988-04-20 00:00:00
Jon,Cooper,2005-03-02 00:00:00
Jon,Reese,1970-06-08 00:00:00
Desirae,Cooper,1971-05-04 00:00:00
Jon,Pierce,1982-06-04 00:00:00
Lane,Palmer,2007-04-06 00:00:00
Shannon,Fry,1962-01-06 00:00:00
Leo,Bloom,1979-01-14 00:00:00
Mary,Smith,1973-11-07 00:00:00
Ivor,Fry,1977-12-17 00:00:00
Mary,Cooper,1966-02-04 00:00:00
Mary,Smith,2006-09-29 00:00:00
Lane,Fry,1979-09-09 00:00:00
Cole,Colon,2019-08-28 00:00:00
Jon,Fry,2005-04-21 00:00:00
Jon,Reese,1963-12-05 00:00:00
Desirae,Fry,1989-04-28 00:00:00
Mary,Pierce,1960-24-01
Leo,Pierce,1987-03-09 00:00:00
Mary,Colon,2005-03-23 00:00:00
Jon,Little,2007-09-30 00:00:00
Lane,Colon,1988-11-02 00:00:00
Desirae,Little,1969-07-09 00:00:00
Leo,Colon,1998-01-21 00:00:00
Mary,Cooper,1970-10-30 00:00:00
Shannon,Gibson,2006-02-15 00:00:00
Mary,Pierce,2002-12-01 00:00:00
Leo,Reese,1968-04-11 00:00:00
Desirae,Gibson,1969-01-02 00:00:00
Ivor,Fry,1986-01-01 00:00:00
Mary,Reese,2005-10-10 00:00:00
Desirae,Reese,2004-06-14 00:00:00
Alex,Colon,2000-06-30 00:00:00
Jon,Fry,1965-12-27 00:00:00
Ivor,Little,2001-10-28 00:00:00
Desirae,Fry,2008-09-27 00:00:00
Cole,Fry,1960-07-15 00:00:00
Roary,Bloom,2017-07-06 00:00:00
Leo,Cooper,1976-10-10 00:00:00
Roary,Pierce,1970-05-08 00:00:00
Alex,Pierce,1994-12-28 00:00:00
Mary,Bloom,1970-10-13 00:00:00
Lane,Gibson,1981-10-14 00:00:00
Shannon,Smith,2006-03-10 00:00:00
Abdul,Fry,2012-01-31 00:00:00
Mary,Pierce,1990-09-29 00:00:00
Abdul,Palmer,2003-02-08 00:00:00
Desirae,Bloom,1989-03-24 00:00:00
Cole,Little,2017-08-20 00:00:00
Roary,Colon,1993-05-16 00:00:00
Leo,Palmer,1980-07-16 00:00:00
Cole,Reese,2009-08-07 00:00:00
Jon,Colon,1997-10-10 00:00:00
Shannon,Fry,1981-01-05 00:00:00
Leo,Little,2001-11-01 00:00:00
Roary,Pierce,2015-06-12 00:00:00
Leo,Palmer,1982-08-04 00:00:00
Cole,Reese,1991-12-06 00:00:00
Abdul,Gibson,1966-01-09 00:00:00
Cole,Smith,1997-02-03 00:00:00
Abdul,Bloom,1993-05-22 00:00:00
Cole,Colon,1992-10-16 00:00:00
Mary,Palmer,1968-02-19 00:00:00
Alex,Pierce,1961-10-15 00:00:00
Mary,Pierce,1960-24-01
Mary,Bloom,1983-11-15 00:00:00
Shannon,Colon,2007-12-04 00:00:00
Roary,Little,1988-03-13 00:00:00
Ivor,Gibson,1965-01-14 00:00:00
Lane,Smith,1960-01-10 00:00:00
Roary,Palmer,1988-09-24 00:00:00
Alex,Little,1992-01-03 00:00:00
Shannon,Palmer,1989-05-10 00:00:00
Alex,Gibson,1960-25-12
Mary,Fry,1970-11-24 00:00:00
Roary,Fry,1975-12-08 00:00:00
Mary,Gibson,2001-08-17 00:00:00
Jon,Little,2002-06-15 00:00:00
Alex,Palmer,1989-04-04 00:00:00
Mary,Little,2017-06-08 00:00:00
Lane,Pierce,1974-09-04 00:00:00
Shannon,Pierce,2018-05-20 00:00:00
Lane,Pierce,1996-12-17 00:00:00
Alex,Reese,1976-05-30 00:00:00
Desirae,Reese,2005-03-27 00:00:00
Desirae,Bloom,1967-08-28 00:00:00
Abdul,Bloom,1972-04-15 00:00:00
Alex,Gibson,1960-24-01
Shannon,Colon,2013-05-14 00:00:00
Abdul,Smith,2002-02-23 00:00:00
Jon,Pierce,2018-09-02 00:00:00
Desirae,Cooper,1994-07-07 00:00:00
Jon,Colon,1967-01-28 00:00:00
Lane,Colon,2006-04-06 00:00:00
Cole,Palmer,1982-11-09 00:00:00
Alex,Bloom,1996-12-05 00:00:00
Lane,Gibson,1971-05-13 00:00:00
Roary,Pierce,2004-02-25 00:00:00
Lane,Pierce,2016-12-14 00:00:00
Desirae,Fry,1985-08-19 00:00:00
Lane,Cooper,1972-12-28 00:00:00
Jon,Smith,1992-07-22 00:00:00
Leo,Gibson,1999-09-01 00:00:00
Lane,Pierce,1978-05-30 00:00:00
Ivor,Colon,1972-04-30 00:00:00
Mary,Reese,1983-03-12 00:00:00
Shannon,Colon,2004-09-19 00:00:00
Cole,Fry,1979-06-20 00:00:00
Shannon,Palmer,1978-03-20 00:00:00
Desirae,Bloom,1990-03-05 00:00:00
Desirae,Gibson,2013-03-17 00:00:00
Desirae,Bloom,1995-07-16 00:00:00
Mary,Little,2010-06-20 00:00:00
Roary,Colon,1968-08-24 00:00:00
Cole,Pierce,1982-06-10 00:00:00
Mary,Cooper,2018-05-10 00:00:00
Ivor,Fry,1965-09-02 00:00:00
Cole,Palmer,1996-07-23 00:00:00
Desirae,Little,1976-11-13 00:00:00
Shannon,Cooper,1975-07-31 00:00:00
Cole,Bloom,1986-09-21 00:00:00
Ivor,Little,1999-06-23 00:00:00
Alex,Gibson,1976-12-05 00:00:00
Mary,Smith,1979-01-18 00:00:00
Leo,Smith,2018-10-01 00:00:00
Mary,Colon,2010-02-20 00:00:00
Mary,Reese,2010-09-22 00:00:00
Jon,Smith,1999-11-11 00:00:00
Roary,Palmer,1992-04-20 00:00:00
Desirae,Palmer,1965-08-19 00:00:00
Jon,Gibson,1994-09-12 00:00:00
Roary,Bloom,1961-02-05 00:00:00
Roary,Palmer,1978-08-24 00:00:00
Jon,Palmer,2008-03-19 00:00:00
Mary,Bloom,1968-10-15 00:00:00
Leo,Reese,1975-03-24 00:00:00
Cole,Palmer,2006-06-08 00:00:00
Lane,Smith,1967-09-23 00:00:00
Jon,Cooper,2019-03-29 00:00:00
Leo,Smith,1987-12-01 00:00:00
Shannon,Gibson,1975-04-25 00:00:00
Roary,Reese,1960-24-01
Leo,Reese,1966-07-08 00:00:00
Jon,Bloom,1999-02-02 00:00:00
Abdul,Cooper,2004-10-16 00:00:00
Alex,Pierce,1996-03-23 00:00:00
Mary,Colon,2007-11-04 00:00:00
Roary,Smith,1960-25-12
Jon,Gibson,1968-09-17 00:00:00
Roary,Bloom,2013-10-13 00:00:00
Abdul,Bloom,1988-04-01 00:00:00
Abdul,Gibson,1974-04-17 00:00:00
Abdul,Little,1995-07-20 00:00:00
Abdul,Gibson,2012-06-08 00:00:00
Mary,Colon,2013-08-05 00:00:00
Shannon,Reese,1984-07-03 00:00:00
Roary,Reese,1990-03-05 00:00:00
Ivor,Palmer,2015-03-04 00:00:00
Mary,Palmer,2018-04-03 00:00:00
Leo,Little,1972-11-20 00:00:00
Jon,Colon,1990-05-22 00:00:00
Leo,Cooper,1971-07-20 00:00:00
Cole,Bloom,1963-12-18 00:00:00
Ivor,Smith,1982-08-25 00:00:00
Cole,Palmer,1970-02-09 00:00:00
Lane,Reese,1979-09-18 00:00:00
Roary,Smith,1960-24-01
Desirae,Cooper,2009-08-24 00:00:00
Desirae,Bloom,2000-31-21
Abdul,Gibson,2016-05-21 00:00:00
Jon,Little,2009-09-01 00:00:00
Mary,Little,1988-08-06 00:00:00
Leo,Colon,2016-03-31 00:00:00
Lane,Cooper,1975-11-14 00:00:00
Lane,Reese,1976-08-28 00:00:00
Desirae,Palmer,1961-08-10 00:00:00
Jon,Palmer,1979-10-23 00:00:00
Lane,Pierce,1963-04-13 00:00:00
Roary,Pierce,1970-05-28 00:00:00
Shannon,Pierce,2002-08-14 00:00:00
Shannon,Gibson,1965-06-28 00:00:00
Mary,Colon,2010-10-13 00:00:00
Leo,Bloom,2007-10-09 00:00:00
Shannon,Fry,1983-09-07 00:00:00
Mary,Reese,1972-03-08 00:00:00
Lane,Pierce,1960-25-12
Mary,Reese,1995-03-03 00:00:00
Desirae,Fry,1998-05-07 00:00:00
Mary,Fry,2000-31-21
Jon,Cooper,1973-02-23 00:00:00
Jon,Reese,1999-09-11 00:00:00
Jon,Colon,1965-02-26 00:00:00
Alex,Colon,1986-09-11 00:00:00
Alex,Fry,1962-12-16 00:00:00
Leo,Gibson,2010-02-03 00:00:00
Cole,Fry,2003-12-05 00:00:00
Alex,Cooper,1981-04-24 00:00:00
Desirae,Little,2000-04-20 00:00:00
Mary,Bloom,1968-10-12 00:00:00
Cole,Smith,1997-04-16 00:00:00
Jon,Smith,1994-12-01 00:00:00
Alex,Pierce,1992-02-03 00:00:00
Desirae,Pierce,1966-03-21 00:00:00
Cole,Colon,2000-08-16 00:00:00
Ivor,Little,1971-07-29 00:00:00
Alex,Gibson,1962-02-26 00:00:00
Lane,Cooper,2004-03-29 00:00:00
Jon,Gibson,1983-04-02 00:00:00
Mary,Fry,2015-11-21 00:00:00
Desirae,Little,2004-07-12 00:00:00
Leo,Colon,2004-05-23 00:00:00
Ivor,Fry,2013-05-01 00:00:00
Ivor,Palmer,1992-03-10 00:00:00
Abdul,Colon,1961-12-28 00:00:00
Mary,Little,2014-05-15 00:00:00
Leo,Bloom,2014-05-09 00:00:00
Mary,Gibson,1980-06-01 00:00:00
Cole,Fry,1974-06-19 00:00:00
Mary,Smith,1995-11-30 00:00:00
Abdul,Bloom,1992-06-15 00:00:00
Mary,Pierce,2011-01-27 00:00:00
Jon,Gibson,1973-04-14 00:00:00
Jon,Cooper,1960-11-19 00:00:00
Lane,Palmer,2014-03-27 00:00:00
Mary,Bloom,2010-10-10 00:00:00
Alex,Pierce,2019-06-12 00:00:00
Desirae,Fry,1975-06-05 00:00:00
Mary,Gibson,1991-05-07 00:00:00
Ivor,Bloom,1970-03-15 00:00:00
Ivor,Fry,2001-09-26 00:00:00
Lane,Palmer,2003-01-21 00:00:00
Mary,Reese,2001-02-27 00:00:00
Alex,Gibson,2006-10-31 00:00:00
Ivor,Gibson,1998-09-21 00:00:00
Lane,Cooper,1968-03-22 00:00:00
Mary,Little,2018-09-17 00:00:00
Abdul,Colon,1970-03-15 00:00:00
Jon,Pierce,1979-06-07 00:00:00
Jon,Reese,2016-01-12 00:00:00
Shannon,Fry,1980-07-29 00:00:00
Abdul,Fry,1985-02-23 00:00:00
Mary,Colon,1980-02-14 00:00:00
Cole,Little,2014-05-25 00:00:00
Abdul,Pierce,1983-08-30 00:00:00
Leo,Pierce,2014-09-12 00:00:00
Mary,Smith,2003-07-03 00:00:00
Jon,Little,2007-12-13 00:00:00
Desirae,Bloom,1997-04-22 00:00:00
Abdul,Fry,2001-05-14 00:00:00
Mary,Pierce,2008-11-27 00:00:00
Leo,Little,2008-08-23 00:00:00
Roary,Pierce,2006-05-07 00:00:00
Shannon,Colon,2010-11-12 00:00:00
Shannon,Pierce,1962-07-13 00:00:00
Abdul,Pierce,2004-04-11 00:00:00
Shannon,Little,1965-01-17 00:00:00
Desirae,Colon,2019-09-22 00:00:00
Lane,Colon,1984-05-29 00:00:00
Ivor,Colon,1991-08-27 00:00:00
Abdul,Cooper,2003-07-04 00:00:00
Mary,Fry,1961-06-18 00:00:00
Mary,Little,2006-11-26 00:00:00
Alex,Bloom,1983-04-15 00:00:00
Leo,Reese,1988-11-27 00:00:00
Cole,Bloom,1984-06-08 00:00:00
Ivor,Cooper,1984-05-12 00:00:00
Jon,Smith,1977-07-03 00:00:00
Mary,Cooper,1992-10-21 00:00:00
Abdul,Smith,2019-10-27 00:00:00
Ivor,Colon,1995-01-23 00:00:00
Abdul,Little,2018-12-18 00:00:00
Ivor,Colon,2007-08-08 00:00:00
Jon,Reese,2017-08-17 00:00:00
Leo,Bloom,1983-01-17 00:00:00
Mary,Fry,1966-05-30 00:00:00
Roary,Little,1986-07-03 00:00:00
Abdul,Smith,2008-05-24 00:00:00
Desirae,Pierce,1984-06-23 00:00:00
Mary,Reese,2000-31-21
Cole,Smith,2002-12-08 00:00:00
Lane,Smith,1972-07-18 00:00:00
Mary,Colon,1964-04-21 00:00:00
Roary,Gibson,1999-09-28 00:00:00
Desirae,Cooper,1980-07-24 00:00:00
Mary,Colon,1972-04-24 00:00:00
Cole,Smith,1971-03-24 00:00:00
Alex,Pierce,1983-05-09 00:00:00
Mary,Little,2013-06-20 00:00:00
Abdul,Bloom,1993-01-13 00:00:00
Roary,Gibson,2015-11-27 00:00:00
Jon,Colon,1979-04-15 00:00:00
Cole,Fry,1973-09-30 00:00:00
Cole,Fry,1995-08-30 00:00:00
Leo,Cooper,1983-08-22 00:00:00
Shannon,Colon,2009-06-03 00:00:00
Jon,Gibson,1968-12-26 00:00:00
Jon,Smith,1997-01-25 00:00:00
Mary,Gibson,1963-12-08 00:00:00
Leo,Little,1961-07-23 00:00:00
Jon,Gibson,1979-09-01 00:00:00
Desirae,Cooper,1996-02-01 00:00:00
Cole,Gibson,1979-05-11 00:00:00
Shannon,Pierce,1973-01-11 00:00:00
Mary,Little,1975-01-11 00:00:00
Roary,Smith,1968-05-14 00:00:00
Desirae,Gibson,1993-06-16 00:00:00
Mary,Fry,1985-01-25 00:00:00
Shannon,Reese,1960-24-01
Mary,Smith,1976-07-31 00:00:00
Mary,Fry,1961-07-09 00:00:00
Shannon,Fry,1986-07-03 00:00:00
Desirae,Bloom,1999-04-21 00:00:00
Ivor,Colon,1996-12-11 00:00:00
Cole,Pierce,1991-07-17 00:00:00
Roary,Smith,1966-12-25 00:00:00
Lane,Cooper,1982-03-07 00:00:00
Abdul,Bloom,1971-06-22 00:00:00
Abdul,Palmer,1964-02-08 00:00:00
Roary,Palmer,1989-12-26 00:00:00
Abdul,Pierce,1999-10-25 00:00:00
Mary,Cooper,1988-09-29 00:00:00
Alex,Reese,2002-09-24 00:00:00
Mary,Colon,2016-02-20 00:00:00
Roary,Reese,2000-07-25 00:00:00
Roary,Cooper,2010-03-07 00:00:00
Mary,Bloom,2011-08-10 00:00:00
Desirae,Smith,2002-12-06 00:00:00
Jon,Palmer,1982-04-25 00:00:00
Jon,Bloom,1983-08-14 00:00:00
Jon,Reese,1969-06-18 00:00:00
Lane,Fry,1987-01-25 00:00:00
Lane,Fry,2013-07-29 00:00:00
Alex,Pierce,1963-11-13 00:00:00
Mary,Smith,1977-02-19 00:00:00
Cole,Pierce,2017-05-15 00:00:00
Ivor,Gibson,1981-11-17 00:00:00
Roary,Palmer,1981-05-09 00:00:00
Leo,Little,1977-10-19 00:00:00
Shannon,Gibson,1984-02-24 00:00:00
Ivor,Colon,1978-02-02 00:00:00
Desirae,Little,1990-10-05 00:00:00
Jon,Palmer,1973-05-21 00:00:00
Alex,Palmer,2006-06-28 00:00:00
Mary,Fry,1964-07-30 00:00:00
Lane,Pierce,1979-11-14 00:00:00
Cole,Pierce,1999-03-27 00:00:00
Shannon,Little,1998-03-11 00:00:00
Abdul,Fry,1990-11-02 00:00:00
Lane,Little,2000-10-19 00:00:00
Desirae,Fry,1999-01-15 00:00:00
Jon,Cooper,2011-09-09 00:00:00
Jon,Reese,2013-10-27 00:00:00
Shannon,Colon,1986-06-12 00:00:00
Roary,Palmer,2019-05-16 00:00:00
Abdul,Bloom,1990-07-03 00:00:00
Lane,Colon,1961-10-08 00:00:00
Shannon,Smith,1972-02-27 00:00:00
Jon,Reese,1972-03-23 00:00:00
Lane,Cooper,2013-09-05 00:00:00
Abdul,Smith,2017-03-01 00:00:00
Abdul,Colon,2019-03-04 00:00:00
Shannon,Fry,2011-06-29 00:00:00
Desirae,Reese,1986-01-13 00:00:00
Lane,Colon,1969-06-28 00:00:00
Leo,Little,1994-03-13 00:00:00
Desirae,Fry,1976-10-25 00:00:00
Alex,Smith,1986-08-15 00:00:00
Leo,Cooper,1974-08-25 00:00:00
Mary,Smith,1993-05-15 00:00:00
Jon,Palmer,2012-01-31 00:00:00
Abdul,Pierce,2007-01-26 00:00:00
Ivor,Bloom,1976-03-26 00:00:00
Lane,Bloom,1982-09-13 00:00:00
Desirae,Pierce,1988-02-12 00:00:00
Jon,Colon,2009-02-19 00:00:00
Alex,Pierce,2019-11-09 00:00:00
Desirae,Palmer,1989-02-28 00:00:00
Alex,Bloom,2008-10-08 00:00:00
Ivor,Gibson,1997-11-18 00:00:00
Mary,Bloom,1961-10-24 00:00:00
Shannon,Gibson,2015-11-01 00:00:00
Mary,Colon,2017-08-17 00:00:00
Roary,Cooper,2012-05-01 00:00:00
Mary,Colon,1991-11-11 00:00:00
Mary,Pierce,1967-11-03 00:00:00
Jon,Colon,1974-05-03 00:00:00
Shannon,Gibson,1998-05-08 00:00:00
Lane,Cooper,1975-11-23 00:00:00
Shannon,Gibson,1969-08-11 00:00:00
Cole,Fry,1988-04-09 00:00:00
Roary,Colon,1973-01-11 00:00:00
Cole,Pierce,1976-03-12 00:00:00
Abdul,Palmer,1978-11-15 00:00:00
Ivor,Smith,1996-04-21 00:00:00
Cole,Bloom,1985-05-28 00:00:00
Leo,Palmer,2010-11-30 00:00:00
Jon,Little,1975-08-31 00:00:00
Roary,Colon,1990-04-21 00:00:00
Desirae,Fry,1978-03-22 00:00:00
Desirae,Smith,1972-09-23 00:00:00
Cole,Palmer,2009-03-08 00:00:00
Desirae,Pierce,2002-08-25 00:00:00
Lane,Cooper,2011-09-06 00:00:00
Shannon,Cooper,2010-09-07 00:00:00
Ivor,Palmer,1965-01-01 00:00:00
Leo,Little,1981-06-19 00:00:00
Abdul,Cooper,1994-05-28 00:00:00
Shannon,Little,1975-12-15 00:00:00
Jon,Palmer,1981-11-18 00:00:00
Alex,Colon,2008-03-24 00:00:00
Ivor,Reese,1978-11-25 00:00:00
Lane,Reese,1984-02-25 00:00:00
Mary,Pierce,1972-11-29 00:00:00
Mary,Reese,1962-05-20 00:00:00
Ivor,Colon,1989-04-25 00:00:00
Mary,Palmer,1963-01-19 00:00:00
Jon,Palmer,2017-05-07 00:00:00
Mary,Smith,1991-08-13 00:00:00
Desirae,Gibson,1974-02-19 00:00:00
Jon,Gibson,1990-02-28 00:00:00
Ivor,Smith,1999-01-11 00:00:00
Cole,Palmer,2003-09-24 00:00:00
Desirae,Pierce,1961-08-28 00:00:00
Lane,Colon,1999-10-22 00:00:00
Desirae,Palmer,1970-03-30 00:00:00
Desirae,Little,1994-05-03 00:00:00
Mary,Fry,1971-11-23 00:00:00
Jon,Cooper,1972-06-11 00:00:00
Cole,Little,1986-09-16 00:00:00
Shannon,Bloom,1961-12-16 00:00:00
Desirae,Colon,1978-08-17 00:00:00
Shannon,Little,1961-01-07 00:00:00
Mary,Bloom,2019-09-08 00:00:00
Ivor,Smith,1999-03-16 00:00:00
Ivor,Pierce,1961-12-10 00:00:00
Mary,Colon,2006-02-20 00:00:00
Desirae,Cooper,2016-05-10 00:00:00
Desirae,Pierce,1979-11-29 00:00:00
Alex,Bloom,2000-11-25 00:00:00
Leo,Pierce,1965-03-25 00:00:00
Desirae,Reese,1989-04-25 00:00:00
Shannon,Palmer,1978-05-11 00:00:00
Ivor,Little,1979-07-03 00:00:00
Roary,Bloom,1992-07-21 00:00:00
Roary,Gibson,2016-01-17 00:00:00
Mary,Gibson,1972-03-07 00:00:00
Desirae,Colon,1972-05-20 00:00:00
Abdul,Gibson,1993-06-06 00:00:00
Alex,Fry,1980-02-28 00:00:00
Leo,Bloom,1976-05-25 00:00:00
Abdul,Fry,1995-10-23 00:00:00
Ivor,Gibson,2005-06-30 00:00:00
Jon,Fry,2015-11-10 00:00:00
Abdul,Little,1976-02-01 00:00:00
Roary,Palmer,1984-05-03 00:00:00
Mary,Gibson,2006-09-28 00:00:00
Alex,Little,1985-12-04 00:00:00
Lane,Reese,2006-12-16 00:00:00
Cole,Fry,1962-05-09 00:00:00
Alex,Fry,1972-10-14 00:00:00
Jon,Gibson,1983-01-13 00:00:00
Shannon,Palmer,2011-09-27 00:00:00
Jon,Bloom,2017-12-09 00:00:00
Mary,Colon,2019-12-14 00:00:00
Ivor,Fry,1960-24-01
Cole,Reese,1984-08-09 00:00:00
Leo,Pierce,1998-03-05 00:00:00
Desirae,Fry,2003-04-22 00:00:00
Lane,Pierce,1988-03-07 00:00:00
Cole,Colon,1979-12-04 00:00:00
Lane,Little,1965-01-15 00:00:00
Lane,Bloom,2014-07-25 00:00:00
Jon,Little,2017-09-07 00:00:00
Mary,Fry,1994-05-08 00:00:00
Mary,Gibson,1988-02-04 00:00:00
Leo,Smith,1969-03-20 00:00:00
Desirae,Palmer,1993-08-20 00:00:00
Alex,Smith,1986-11-05 00:00:00
Jon,Little,2006-12-06 00:00:00
Abdul,Bloom,1967-09-02 00:00:00
Abdul,Little,1965-12-10 00:00:00
Roary,Colon,1990-03-29 00:00:00
Roary,Gibson,1965-08-30 00:00:00
Shannon,Pierce,2010-06-21 00:00:00
Desirae,Bloom,1974-08-23 00:00:00
Abdul,Colon,2015-10-16 00:00:00
Roary,Reese,1989-11-15 00:00:00
Ivor,Smith,2011-04-14 00:00:00
Jon,Little,2013-10-13 00:00:00
Lane,Palmer,1971-11-09 00:00:00
Alex,Fry,1984-12-21 00:00:00
Lane,Smith,1967-11-21 00:00:00
Roary,Fry,2013-06-11 00:00:00
Leo,Pierce,1975-01-30 00:00:00
Jon,Gibson,1964-01-03 00:00:00
Leo,Colon,1972-01-14 00:00:00
Cole,Bloom,2015-01-05 00:00:00
Leo,Palmer,2005-12-03 00:00:00
Ivor,Palmer,1961-07-06 00:00:00
Abdul,Gibson,1963-09-19 00:00:00
Jon,Fry,1998-11-23 00:00:00
Ivor,Smith,2006-06-11 00:00:00
Shannon,Smith,1962-08-25 00:00:00
Jon,Pierce,1996-05-22 00:00:00
Roary,Palmer,2002-11-29 00:00:00
Roary,Reese,1974-09-18 00:00:00
Cole,Reese,2010-07-19 00:00:00
Alex,Gibson,2005-07-23 00:00:00
Leo,Reese,1979-08-07 00:00:00
Ivor,Fry,1974-11-29 00:00:00
Alex,Little,1979-01-19 00:00:00
Alex,Cooper,1998-12-07 00:00:00
Leo,Pierce,1980-11-15 00:00:00
Shannon,Bloom,1975-05-29 00:00:00
Mary,Gibson,1980-09-26 00:00:00
Cole,Cooper,1979-04-05 00:00:00
Leo,Palmer,1977-11-26 00:00:00
Alex,Bloom,2000-04-01 00:00:00
Cole,Reese,1989-11-19 00:00:00
Cole,Cooper,1995-07-28 00:00:00
Lane,Colon,2007-09-23 00:00:00
Ivor,Bloom,1974-06-18 00:00:00
Leo,Fry,2010-12-26 00:00:00
Leo,Reese,1973-10-12 00:00:00
Leo,Reese,1979-05-13 00:00:00
Alex,Little,1966-09-09 00:00:00
Jon,Smith,1983-10-13 00:00:00
Shannon,Gibson,1970-06-19 00:00:00
Mary,Colon,1962-05-21 00:00:00
Desirae,Smith,1972-11-20 00:00:00
Roary,Cooper,1960-24-01
Leo,Pierce,2010-09-22 00:00:00
Cole,Colon,1969-10-05 00:00:00
Abdul,Reese,1997-06-22 00:00:00
Abdul,Fry,2018-10-30 00:00:00
Jon,Smith,1968-02-11 00:00:00
Lane,Colon,1992-09-23 00:00:00
Mary,Gibson,1988-12-17 00:00:00
Ivor,Pierce,1991-01-11 00:00:00
Leo,Palmer,1977-11-25 00:00:00
Leo,Gibson,1987-01-23 00:00:00
Ivor,Smith,1974-10-31 00:00:00
Desirae,Smith,1986-07-15 00:00:00
Jon,Pierce,2008-04-30 00:00:00
Mary,Gibson,1977-12-14 00:00:00
Mary,Gibson,1961-04-16 00:00:00
Roary,Colon,1989-11-14 00:00:00
Roary,Smith,1964-05-13 00:00:00
Ivor,Bloom,1997-05-12 00:00:00
Desirae,Bloom,2003-05-06 00:00:00
Cole,Fry,1995-01-07 00:00:00
Roary,Bloom,2007-12-25 00:00:00
Roary,Cooper,1969-03-15 00:00:00
Alex,Reese,1983-05-02 00:00:00
Abdul,Palmer,1999-09-22 00:00:00
Roary,Palmer,1994-01-17 00:00:00
Leo,Palmer,1976-05-10 00:00:00
Abdul,Palmer,2003-07-23 00:00:00
Cole,Smith,1994-12-30 00:00:00
Leo,Bloom,1968-09-12 00:00:00
Shannon,Palmer,1964-10-30 00:00:00
Desirae,Pierce,1990-07-05 00:00:00
Lane,Smith,2015-08-25 00:00:00
Lane,Gibson,1990-07-08 00:00:00
Mary,Palmer,1973-10-11 00:00:00
Abdul,Smith,1960-06-02 00:00:00
Mary,Palmer,1984-05-09 00:00:00
Lane,Fry,1981-12-07 00:00:00
Abdul,Colon,1992-10-07 00:00:00
Ivor,Fry,1999-02-09 00:00:00
Jon,Gibson,1986-02-16 00:00:00
Alex,Palmer,2019-09-19 00:00:00
Cole,Gibson,1999-04-01 00:00:00
Mary,Cooper,1974-05-17 00:00:00
Leo,Little,2015-02-23 00:00:00
Mary,Cooper,1967-07-15 00:00:00
Shannon,Cooper,2011-12-10 00:00:00
Alex,Colon,1988-04-29 00:00:00
Ivor,Colon,1965-04-21 00:00:00
Mary,Smith,2006-07-15 00:00:00
Mary,Pierce,2001-07-19 00:00:00
Leo,Fry,1995-06-22 00:00:00
Ivor,Pierce,2000-31-21
Jon,Reese,2013-08-02 00:00:00
Jon,Gibson,2003-03-29 00:00:00
Roary,Colon,1970-06-08 00:00:00
Desirae,Fry,1993-07-21 00:00:00
Alex,Smith,1984-02-09 00:00:00
Ivor,Colon,1970-10-23 00:00:00
Roary,Colon,1979-02-19 00:00:00
Ivor,Bloom,2000-10-10 00:00:00
Alex,Cooper,1997-08-12 00:00:00
Cole,Cooper,2015-07-08 00:00:00
Ivor,Smith,1966-05-27 00:00:00
Ivor,Fry,1968-09-27 00:00:00
Alex,Bloom,1996-10-24 00:00:00
Jon,Smith,1982-11-26 00:00:00
Cole,Bloom,2018-11-02 00:00:00
Roary,Bloom,2009-07-01 00:00:00
Mary,Gibson,1977-09-22 00:00:00
Alex,Fry,1966-04-16 00:00:00
Roary,Bloom,1968-03-21 00:00:00
Lane,Reese,1996-01-09 00:00:00
Jon,Palmer,2012-11-07 00:00:00
Leo,Cooper,2011-11-10 00:00:00
Leo,Palmer,1996-12-31 00:00:00
Mary,Bloom,1989-02-02 00:00:00
Jon,Gibson,2008-04-26 00:00:00
Cole,Reese,1982-02-05 00:00:00
Mary,Smith,1997-04-27 00:00:00
Abdul,Fry,2007-05-16 00:00:00
Ivor,Little,1977-04-27 00:00:00
Lane,Pierce,2002-12-22 00:00:00
Desirae,Reese,1967-05-28 00:00:00
Ivor,Little,1996-07-25 00:00:00
Abdul,Fry,1984-01-14 00:00:00
Lane,Bloom,1969-07-19 00:00:00
Shannon,Fry,1997-07-15 00:00:00
Mary,Fry,2013-08-06 00:00:00
Leo,Reese,1980-04-21 00:00:00
Cole,Cooper,2004-06-06 00:00:00
Roary,Palmer,1961-10-20 00:00:00
Mary,Pierce,1969-02-07 00:00:00
Jon,Colon,1970-08-07 00:00:00
Cole,Reese,1968-06-07 00:00:00
Cole,Reese,1960-02-21 00:00:00
Mary,Bloom,1983-07-10 00:00:00
Mary,Colon,1987-02-09 00:00:00
Jon,Cooper,2009-08-01 00:00:00
Mary,Gibson,1962-08-04 00:00:00
Mary,Colon,2005-09-22 00:00:00
Leo,Palmer,1999-08-18 00:00:00
Desirae,Smith,2013-11-05 00:00:00
Alex,Pierce,1963-02-22 00:00:00
Jon,Smith,2006-07-27 00:00:00
Roary,Bloom,2014-03-02 00:00:00
Roary,Smith,1997-01-12 00:00:00
Jon,Cooper,2005-02-02 00:00:00
Roary,Colon,1989-04-20 00:00:00
Ivor,Pierce,2014-11-25 00:00:00
Shannon,Pierce,2006-11-23 00:00:00
Shannon,Gibson,1983-01-15 00:00:00
Leo,Little,1979-03-21 00:00:00
Alex,Fry,2010-12-09 00:00:00
Mary,Little,1964-11-26 00:00:00
Mary,Gibson,1981-11-06 00:00:00
Roary,Reese,2010-03-23 00:00:00
Shannon,Palmer,1963-06-20 00:00:00
Cole,Bloom,1999-08-10 00:00:00
Shannon,Colon,2006-08-23 00:00:00
Mary,Reese,1991-08-31 00:00:00
Mary,Bloom,2000-08-01 00:00:00
Shannon,Fry,1975-07-22 00:00:00
Cole,Fry,1995-06-08 00:00:00
Lane,Cooper,1991-03-30 00:00:00
Mary,Smith,1990-12-16 00:00:00
Roary,Palmer,2009-09-03 00:00:00
Roary,Bloom,1970-01-24 00:00:00
Ivor,Bloom,1994-11-26 00:00:00
Leo,Reese,1971-04-07 00:00:00
Roary,Cooper,1963-11-23 00:00:00
Abdul,Smith,1981-06-26 00:00:00
Roary,Gibson,2004-03-06 00:00:00
Alex,Smith,1988-03-19 00:00:00
Mary,Colon,2000-31-21
Alex,Reese,1960-03-11 00:00:00
Leo,Smith,2016-08-17 00:00:00
Desirae,Palmer,2008-11-04 00:00:00
Shannon,Reese,1964-03-18 00:00:00
Mary,Smith,1985-07-11 00:00:00
Abdul,Cooper,2016-06-30 00:00:00
Abdul,Little,1987-10-16 00:00:00
Mary,Little,1996-04-02 00:00:00
Desirae,Little,1963-06-29 00:00:00
Cole,Pierce,1964-02-02 00:00:00
Cole,Fry,1983-02-05 00:00:00
Cole,Palmer,1999-02-13 00:00:00
Shannon,Smith,1968-12-26 00:00:00
Leo,Gibson,1999-02-01 00:00:00
Shannon,Reese,1989-02-15 00:00:00
Abdul,Bloom,2002-05-27 00:00:00
Lane,Little,2003-01-24 00:00:00
Lane,Bloom,2005-08-08 00:00:00
Alex,Little,2011-01-22 00:00:00
Roary,Palmer,1979-03-23 00:00:00
Lane,Palmer,1987-01-20 00:00:00
Jon,Fry,1960-24-01
Abdul,Gibson,2005-01-04 00:00:00
Ivor,Pierce,2015-08-20 00:00:00
Cole,Colon,1960-11-28 00:00:00
Abdul,Cooper,2008-04-28 00:00:00
Mary,Palmer,1993-06-17 00:00:00
Roary,Fry,1973-02-23 00:00:00
Alex,Gibson,1972-09-01 00:00:00
Shannon,Fry,1983-07-16 00:00:00
Lane,Cooper,1990-01-25 00:00:00
Ivor,Reese,2016-06-19 00:00:00
Abdul,Cooper,1976-04-15 00:00:00
Alex,Fry,1967-02-25 00:00:00
Mary,Reese,1984-04-27 00:00:00
Lane,Pierce,2014-08-31 00:00:00
Abdul,Reese,1998-11-24 00:00:00
Roary,Reese,1963-09-21 00:00:00
Mary,Colon,1980-02-22 00:00:00
Leo,Fry,2019-07-14 00:00:00
Ivor,Smith,1960-25-12
Cole,Reese,1983-09-03 00:00:00
Lane,Bloom,1960-01-24 00:00:00
Cole,Colon,2000-31-21
Lane,Colon,1994-03-22 00:00:00
Jon,Palmer,1975-04-23 00:00:00
Mary,Colon,1997-10-12 00:00:00
Mary,Fry,2004-10-04 00:00:00
Roary,Little,1967-06-17 00:00:00
Jon,Cooper,2005-04-11 00:00:00
Leo,Colon,1971-12-19 00:00:00
Alex,Fry,1971-10-23 00:00:00
Jon,Cooper,1962-04-11 00:00:00
Mary,Cooper,2014-05-20 00:00:00
Mary,Fry,1961-08-11 00:00:00
Leo,Pierce,1980-05-31 00:00:00
Shannon,Smith,1967-11-24 00:00:00
Leo,Smith,1968-05-24 00:00:00
Shannon,Bloom,1988-02-29 00:00:00
Alex,Reese,1979-12-15 00:00:00
Lane,Palmer,2003-03-14 00:00:00
Mary,Bloom,1991-12-21 00:00:00
Cole,Reese,2014-02-23 00:00:00
Roary,Cooper,2009-10-10 00:00:00
Cole,Little,2016-12-25 00:00:00
Jon,Bloom,2015-03-03 00:00:00
Desirae,Cooper,1991-07-07 00:00:00
Lane,Little,2016-07-18 00:00:00
Mary,Palmer,1997-12-03 00:00:00
Jon,Little,1993-06-18 00:00:00
Roary,Colon,1985-09-26 00:00:00
Alex,Fry,2010-02-28 00:00:00
Desirae,Gibson,1960-05-07 00:00:00
Alex,Fry,1978-12-30 00:00:00
Roary,Palmer,2009-07-19 00:00:00
Leo,Cooper,2017-10-14 00:00:00
Roary,Smith,2018-04-13 00:00:00
Mary,Gibson,1980-01-23 00:00:00
Shannon,Cooper,1980-09-27 00:00:00
Lane,Gibson,2005-11-12 00:00:00
Shannon,Gibson,2008-09-11 00:00:00
Ivor,Cooper,1982-06-05 00:00:00
Shannon,Bloom,1966-10-16 00:00:00
Leo,Fry,2002-11-01 00:00:00
Mary,Palmer,1987-02-06 00:00:00
Abdul,Pierce,1998-03-22 00:00:00
Mary,Gibson,1997-03-27 00:00:00
Leo,Bloom,2013-08-13 00:00:00
Cole,Smith,1967-01-03 00:00:00
Abdul,Reese,1997-11-29 00:00:00
Lane,Reese,2015-01-03 00:00:00
Abdul,Reese,1989-02-22 00:00:00
Desirae,Gibson,2003-03-09 00:00:00
Cole,Fry,1989-12-04 00:00:00
Desirae,Colon,1963-02-19 00:00:00
Lane,Cooper,1978-12-16 00:00:00
Shannon,Bloom,1976-04-17 00:00:00
Ivor,Palmer,1996-05-07 00:00:00
Mary,Little,1964-11-11 00:00:00
Mary,Little,2015-01-16 00:00:00
Cole,Gibson,2000-05-15 00:00:00
Jon,Fry,1997-01-17 00:00:00
Mary,Gibson,1973-12-16 00:00:00
Alex,Pierce,1997-04-21 00:00:00
Mary,Pierce,2017-04-19 00:00:00
Leo,Little,1964-06-01 00:00:00
Desirae,Palmer,1963-07-31 00:00:00
Alex,Bloom,2013-05-30 00:00:00
Alex,Cooper,1967-07-05 00:00:00
Mary,Colon,1968-02-03 00:00:00
Jon,Gibson,2003-03-22 00:00:00
Abdul,Reese,1998-08-06 00:00:00
Cole,Little,1976-08-13 00:00:00
Ivor,Bloom,2011-02-26 00:00:00
Lane,Palmer,2007-04-05 00:00:00
Abdul,Little,1960-07-13 00:00:00
Desirae,Fry,1966-09-30 00:00:00
Mary,Little,1980-12-31 00:00:00
Cole,Cooper,1990-02-07 00:00:00
Jon,Little,1977-03-23 00:00:00
Lane,Reese,1982-10-02 00:00:00
Mary,Smith,2009-08-01 00:00:00
Mary,Smith,2012-09-05 00:00:00
Lane,Palmer,1969-02-01 00:00:00
Desirae,Little,2009-12-22 00:00:00
Mary,Smith,1970-04-18 00:00:00
Mary,Bloom,2002-11-24 00:00:00
Desirae,Palmer,1983-10-29 00:00:00
Cole,Fry,2005-11-21 00:00:00
Jon,Palmer,2009-07-30 00:00:00
Mary,Little,1978-01-17 00:00:00
Shannon,Palmer,2011-06-21 00:00:00
Lane,Little,2001-05-03 00:00:00
Lane,Colon,1984-08-06 00:00:00
Desirae,Bloom,1990-12-24 00:00:00
Lane,Pierce,1984-08-28 00:00:00
Ivor,Palmer,1985-02-21 00:00:00
Roary,Fry,1970-06-09 00:00:00
Abdul,Palmer,2013-10-31 00:00:00
Ivor,Bloom,1971-03-01 00:00:00
Roary,Palmer,1980-12-16 00:00:00
Abdul,Colon,1975-09-13 00:00:00
Mary,Gibson,1995-09-11 00:00:00
Cole,Pierce,2001-06-14 00:00:00
Shannon,Fry,1976-12-05 00:00:00
Abdul,Reese,1995-10-21 00:00:00
Cole,Colon,1964-06-15 00:00:00
Cole,Smith,2001-05-17 00:00:00
